{
  "config": "capstone_weak",
  "dataset": "builtin_docs",
  "stages": {
    "chunker": "contextual",
    "embedder": "hashing",
    "index": "flat",
    "retriever": "dense",
    "reranker": "lexical",
    "assembler": "concat",
    "generator": "extractive_mock"
  },
  "build_stats": {
    "chunk_ms": 0.23954200150910765,
    "embed_ms": 1.0235410009045154,
    "index_build_ms": 0.04279200220480561,
    "n_docs": 13,
    "n_chunks": 26,
    "embed_dim": 512
  },
  "recall@1": 0.95,
  "precision@1": 1.0,
  "hit_rate@1": 1.0,
  "ndcg@1": 1.0,
  "recall@3": 1.0,
  "precision@3": 0.3833333333333333,
  "hit_rate@3": 1.0,
  "ndcg@3": 1.0,
  "recall@5": 1.0,
  "precision@5": 0.32416666666666666,
  "hit_rate@5": 1.0,
  "ndcg@5": 1.0,
  "recall@10": 1.0,
  "precision@10": 0.32416666666666666,
  "hit_rate@10": 1.0,
  "ndcg@10": 1.0,
  "mrr": 1.0,
  "map": 1.0,
  "em": 0.0,
  "token_f1": 0.24026434761390353,
  "em_single": 0.0,
  "token_f1_single": 0.2451430223150435,
  "em_multi": 0.0,
  "token_f1_multi": 0.19635627530364372,
  "latency_p50_ms": 0.28083400684408844,
  "latency_p95_ms": 0.37704100395785645,
  "latency_p99_ms": 0.4854559956584126,
  "latency_mean_ms": 0.29748540073342156,
  "total_cost_usd": 0.0,
  "cost_per_query_usd": 0.0,
  "cost_per_correct_usd": 0.0,
  "n_queries": 20
}