{
  "config": "capstone",
  "dataset": "builtin_docs",
  "stages": {
    "chunker": "contextual",
    "embedder": "tfidf",
    "index": "flat",
    "retriever": "dense",
    "reranker": null,
    "assembler": "concat",
    "generator": "claude_prompted"
  },
  "build_stats": {
    "chunk_ms": 0.2717079987633042,
    "embed_ms": 1.591459003975615,
    "index_build_ms": 0.10870899859583005,
    "n_docs": 13,
    "n_chunks": 26,
    "embed_dim": 600
  },
  "recall@1": 0.95,
  "precision@1": 1.0,
  "hit_rate@1": 1.0,
  "ndcg@1": 1.0,
  "recall@3": 1.0,
  "precision@3": 0.3833333333333333,
  "hit_rate@3": 1.0,
  "ndcg@3": 1.0,
  "recall@5": 1.0,
  "precision@5": 0.3183333333333333,
  "hit_rate@5": 1.0,
  "ndcg@5": 1.0,
  "recall@10": 1.0,
  "precision@10": 0.3183333333333333,
  "hit_rate@10": 1.0,
  "ndcg@10": 1.0,
  "mrr": 1.0,
  "map": 1.0,
  "em": 0.0,
  "token_f1": 0.4230394318621606,
  "em_single": 0.0,
  "token_f1_single": 0.43023394984090335,
  "em_multi": 0.0,
  "token_f1_multi": 0.3582887700534759,
  "latency_p50_ms": 1165.3515419966425,
  "latency_p95_ms": 1641.0715820093174,
  "latency_p99_ms": 2533.457625002484,
  "latency_mean_ms": 1317.050718450264,
  "total_cost_usd": 0.013221,
  "cost_per_query_usd": 0.00066105,
  "cost_per_correct_usd": 0.0015626202907141542,
  "citation_rate": 1.0,
  "abstain_rate": 0.0,
  "n_queries": 20
}