{
  "n_queries": 12,
  "stages": {
    "embed_query_ms": {
      "p50_ms": 0.09341599798062816,
      "p95_ms": 0.1548329964862205,
      "mean_ms": 0.08774658393425246,
      "pct_of_budget": 0.006368145015172375,
      "n": 12
    },
    "retrieve_ms": {
      "p50_ms": 0.07137500506360084,
      "p95_ms": 0.15166699449764565,
      "mean_ms": 0.08381608434622952,
      "pct_of_budget": 0.0060828918436373995,
      "n": 12
    },
    "assemble_ms": {
      "p50_ms": 0.0106250008684583,
      "p95_ms": 0.039500002458225936,
      "mean_ms": 0.012291501358655902,
      "pct_of_budget": 0.0008920468421284518,
      "n": 12
    },
    "generate_ms": {
      "p50_ms": 1287.136917002499,
      "p95_ms": 2178.4129579973524,
      "mean_ms": 1377.714791749895,
      "pct_of_budget": 99.98665691629907,
      "n": 12
    }
  },
  "total": {
    "p50_ms": 1287.2259590076283,
    "p95_ms": 2178.608415000781,
    "mean_ms": 1377.8986459195341
  },
  "config": "naive_claude",
  "dataset": "builtin_mini",
  "build_stats": {
    "chunk_ms": 0.033333999454043806,
    "embed_ms": 0.30787500145379454,
    "index_build_ms": 0.02941599814221263,
    "n_docs": 12,
    "n_chunks": 12,
    "embed_dim": 512
  }
}