{
  "n_queries": 12,
  "stages": {
    "embed_query_ms": {
      "p50_ms": 0.010457995813339949,
      "p95_ms": 0.014500001270789653,
      "mean_ms": 0.011024167179130018,
      "pct_of_budget": 14.295208549864713,
      "n": 12
    },
    "retrieve_ms": {
      "p50_ms": 0.010124997061211616,
      "p95_ms": 0.05429099837783724,
      "mean_ms": 0.014447832654695958,
      "pct_of_budget": 18.73472866806825,
      "n": 12
    },
    "assemble_ms": {
      "p50_ms": 0.0014590041246265173,
      "p95_ms": 0.004499997885432094,
      "mean_ms": 0.0018612499843584374,
      "pct_of_budget": 2.4135117199788336,
      "n": 12
    },
    "generate_ms": {
      "p50_ms": 0.04354100383352488,
      "p95_ms": 0.11537500540725887,
      "mean_ms": 0.049784667983961604,
      "pct_of_budget": 64.5565510620882,
      "n": 12
    }
  },
  "total": {
    "p50_ms": 0.06670799484709278,
    "p95_ms": 0.18504100444260985,
    "mean_ms": 0.07711791780214601
  },
  "config": "naive",
  "dataset": "builtin_mini",
  "build_stats": {
    "chunk_ms": 0.03550000110408291,
    "embed_ms": 0.31058400054462254,
    "index_build_ms": 0.02891600161092356,
    "n_docs": 12,
    "n_chunks": 12,
    "embed_dim": 512
  }
}