{
  "config": "naive",
  "dataset": "builtin_mini",
  "stages": {
    "chunker": "fixed",
    "embedder": "hashing",
    "index": "flat",
    "retriever": "dense",
    "reranker": null,
    "assembler": "concat",
    "generator": "extractive_mock"
  },
  "build_stats": {
    "chunk_ms": 0.030999995942693204,
    "embed_ms": 0.30329199944389984,
    "index_build_ms": 0.02512499486329034,
    "n_docs": 12,
    "n_chunks": 12,
    "embed_dim": 512
  },
  "recall@1": 0.9583333333333334,
  "precision@1": 1.0,
  "hit_rate@1": 1.0,
  "ndcg@1": 1.0,
  "recall@3": 1.0,
  "precision@3": 0.3611111111111111,
  "hit_rate@3": 1.0,
  "ndcg@3": 1.0,
  "recall@5": 1.0,
  "precision@5": 0.21666666666666667,
  "hit_rate@5": 1.0,
  "ndcg@5": 1.0,
  "recall@10": 1.0,
  "precision@10": 0.21666666666666667,
  "hit_rate@10": 1.0,
  "ndcg@10": 1.0,
  "mrr": 1.0,
  "map": 1.0,
  "em": 0.0,
  "token_f1": 0.3284343176397149,
  "em_single": 0.0,
  "token_f1_single": 0.31109730848861283,
  "em_multi": 0.0,
  "token_f1_multi": 0.4151193633952255,
  "latency_p50_ms": 0.06416699034161866,
  "latency_p95_ms": 0.15220799832604825,
  "latency_p99_ms": 0.15220799832604825,
  "latency_mean_ms": 0.07198583080025855,
  "total_cost_usd": 0.0,
  "cost_per_query_usd": 0.0,
  "cost_per_correct_usd": 0.0,
  "n_queries": 12
}