{
  "config": "naive_claude",
  "dataset": "builtin_mini",
  "stages": {
    "chunker": "fixed",
    "embedder": "hashing",
    "index": "flat",
    "retriever": "dense",
    "reranker": null,
    "assembler": "concat",
    "generator": "claude"
  },
  "build_stats": {
    "chunk_ms": 0.034374999813735485,
    "embed_ms": 0.31345797469839454,
    "index_build_ms": 0.08191697997972369,
    "n_docs": 12,
    "n_chunks": 12,
    "embed_dim": 512
  },
  "recall@1": 0.9583333333333334,
  "precision@1": 1.0,
  "hit_rate@1": 1.0,
  "ndcg@1": 1.0,
  "recall@3": 1.0,
  "precision@3": 0.3611111111111111,
  "hit_rate@3": 1.0,
  "ndcg@3": 1.0,
  "recall@5": 1.0,
  "precision@5": 0.21666666666666667,
  "hit_rate@5": 1.0,
  "ndcg@5": 1.0,
  "recall@10": 1.0,
  "precision@10": 0.21666666666666667,
  "hit_rate@10": 1.0,
  "ndcg@10": 1.0,
  "mrr": 1.0,
  "map": 1.0,
  "em": 0.0,
  "token_f1": 0.3807978648326857,
  "em_single": 0.0,
  "token_f1_single": 0.34483622567801064,
  "em_multi": 0.0,
  "token_f1_multi": 0.5606060606060606,
  "latency_p50_ms": 1344.5551249897107,
  "latency_p95_ms": 2370.97270792583,
  "latency_p99_ms": 2370.97270792583,
  "latency_mean_ms": 1522.7994167410845,
  "total_cost_usd": 0.005972,
  "cost_per_query_usd": 0.0004976666666666667,
  "cost_per_correct_usd": 0.0013069050869949877,
  "n_queries": 12
}