{
  "dataset": "builtin_docs",
  "generator": "claude",
  "semantic_cache_embedder": "sentence_transformer",
  "embedding_cache": [
    {
      "base_embedder": "hashing",
      "n_chunks": 25,
      "dim": 512,
      "uncached_embed_ms": 0.8972499999799766,
      "cold_embed_ms": 6.099332997109741,
      "warm_embed_ms": 1.7952499983948655,
      "saving_vs_cold_pct": 70.56645375411424,
      "speedup_vs_cold": 3.397483917316897,
      "cold_hit_rate": 0.0,
      "warm_hit_rate": 1.0,
      "cold_writes": 25,
      "namespace": "hashing__hashing__d512"
    },
    {
      "base_embedder": "sentence_transformer",
      "n_chunks": 25,
      "dim": 384,
      "uncached_embed_ms": 211.83762500004377,
      "cold_embed_ms": 148.9227080019191,
      "warm_embed_ms": 13.474416999088135,
      "saving_vs_cold_pct": 90.95207360927489,
      "speedup_vs_cold": 11.05225613931922,
      "cold_hit_rate": 0.0,
      "warm_hit_rate": 1.0,
      "cold_writes": 25,
      "namespace": "sentence_transformer__sentence_transformer__d384"
    }
  ],
  "semantic_cache": [
    {
      "threshold": 0.99,
      "cache_embedder": "sentence_transformer",
      "generator": "claude",
      "passes": 2,
      "n_requests": 40,
      "hits": 20,
      "hit_rate": 0.5,
      "true_hits": 20,
      "false_hits": 0,
      "false_hit_rate_of_requests": 0.0,
      "false_hit_rate_of_hits": 0.0,
      "examples": [],
      "pass1_hits": 0,
      "pass2_hits": 20,
      "total_cost_usd": 0.013167,
      "mean_generate_ms": 750.6573438255145,
      "mean_generate_ms_on_hit": 18.558639601178584,
      "mean_generate_ms_on_miss": 1482.7560480498505,
      "latency": {
        "embed_query_ms": {
          "p50_ms": 0.04137499490752816,
          "p95_ms": 0.6074169941712171,
          "mean_ms": 0.16024992528400617,
          "pct_of_budget": 0.02133765287466609,
          "n": 40
        },
        "retrieve_ms": {
          "p50_ms": 0.04495800385484472,
          "p95_ms": 0.5065000004833564,
          "mean_ms": 0.17649897508817958,
          "pct_of_budget": 0.023501251913168843,
          "n": 40
        },
        "assemble_ms": {
          "p50_ms": 0.01783299376256764,
          "p95_ms": 0.05579099524766207,
          "mean_ms": 0.025366749287059065,
          "pct_of_budget": 0.003377642079312541,
          "n": 40
        },
        "generate_ms": {
          "p50_ms": 77.50037500227336,
          "p95_ms": 1769.206832999771,
          "mean_ms": 750.6573438255145,
          "pct_of_budget": 99.95178345313285,
          "n": 40
        }
      }
    },
    {
      "threshold": 0.9,
      "cache_embedder": "sentence_transformer",
      "generator": "claude",
      "passes": 2,
      "n_requests": 40,
      "hits": 20,
      "hit_rate": 0.5,
      "true_hits": 20,
      "false_hits": 0,
      "false_hit_rate_of_requests": 0.0,
      "false_hit_rate_of_hits": 0.0,
      "examples": [],
      "pass1_hits": 0,
      "pass2_hits": 20,
      "total_cost_usd": 0.013167,
      "mean_generate_ms": 802.8930302245499,
      "mean_generate_ms_on_hit": 30.055699999138596,
      "mean_generate_ms_on_miss": 1575.7303604499612,
      "latency": {
        "embed_query_ms": {
          "p50_ms": 0.06883299647597596,
          "p95_ms": 0.6190829953993671,
          "mean_ms": 0.16744272488722345,
          "pct_of_budget": 0.020845625751263617,
          "n": 40
        },
        "retrieve_ms": {
          "p50_ms": 0.05295799928717315,
          "p95_ms": 0.5883339981664903,
          "mean_ms": 0.1679686494753696,
          "pct_of_budget": 0.02091110024199032,
          "n": 40
        },
        "assemble_ms": {
          "p50_ms": 0.01200000406242907,
          "p95_ms": 0.07254200318129733,
          "mean_ms": 0.022690725927532185,
          "pct_of_budget": 0.002824860745836572,
          "n": 40
        },
        "generate_ms": {
          "p50_ms": 248.23450000258163,
          "p95_ms": 2190.326834002917,
          "mean_ms": 802.8930302245499,
          "pct_of_budget": 99.95541841326092,
          "n": 40
        }
      }
    },
    {
      "threshold": 0.8,
      "cache_embedder": "sentence_transformer",
      "generator": "claude",
      "passes": 2,
      "n_requests": 40,
      "hits": 20,
      "hit_rate": 0.5,
      "true_hits": 20,
      "false_hits": 0,
      "false_hit_rate_of_requests": 0.0,
      "false_hit_rate_of_hits": 0.0,
      "examples": [],
      "pass1_hits": 0,
      "pass2_hits": 20,
      "total_cost_usd": 0.013167,
      "mean_generate_ms": 722.5760812998487,
      "mean_generate_ms_on_hit": 24.455025099450722,
      "mean_generate_ms_on_miss": 1420.6971375002468,
      "latency": {
        "embed_query_ms": {
          "p50_ms": 0.06237499474082142,
          "p95_ms": 0.610041999607347,
          "mean_ms": 0.169899974935106,
          "pct_of_budget": 0.023501835935165274,
          "n": 40
        },
        "retrieve_ms": {
          "p50_ms": 0.055083000916056335,
          "p95_ms": 0.4265000025043264,
          "mean_ms": 0.1476093248129473,
          "pct_of_budget": 0.020418426404002953,
          "n": 40
        },
        "assemble_ms": {
          "p50_ms": 0.015332996554207057,
          "p95_ms": 0.07520800136262551,
          "mean_ms": 0.028547925285238307,
          "pct_of_budget": 0.00394896265640587,
          "n": 40
        },
        "generate_ms": {
          "p50_ms": 88.85345800081268,
          "p95_ms": 1639.4543749993318,
          "mean_ms": 722.5760812998487,
          "pct_of_budget": 99.95213077500442,
          "n": 40
        }
      }
    },
    {
      "threshold": 0.7,
      "cache_embedder": "sentence_transformer",
      "generator": "claude",
      "passes": 2,
      "n_requests": 40,
      "hits": 22,
      "hit_rate": 0.55,
      "true_hits": 18,
      "false_hits": 4,
      "false_hit_rate_of_requests": 0.1,
      "false_hit_rate_of_hits": 0.18181818181818182,
      "examples": [
        {
          "asked": "What is released as a byproduct when water is split during photosynthesis?",
          "served_answer_for": "How do plants convert light energy into chemical energy?",
          "cosine": 0.709
        },
        {
          "asked": "Which Roman emperor was the first, and in what year did the empire begin?",
          "served_answer_for": "When did the Western Roman Empire fall and who deposed the last emperor?",
          "cosine": 0.7131
        },
        {
          "asked": "What is released as a byproduct when water is split during photosynthesis?",
          "served_answer_for": "How do plants convert light energy into chemical energy?",
          "cosine": 0.709
        }
      ],
      "pass1_hits": 2,
      "pass2_hits": 20,
      "total_cost_usd": 0.011987000000000001,
      "mean_generate_ms": 675.6548114741236,
      "mean_generate_ms_on_hit": 21.148028453767026,
      "mean_generate_ms_on_miss": 1475.6075462767815,
      "latency": {
        "embed_query_ms": {
          "p50_ms": 0.036499994166661054,
          "p95_ms": 0.1577079965500161,
          "mean_ms": 0.06513334901683265,
          "pct_of_budget": 0.009637823132835793,
          "n": 40
        },
        "retrieve_ms": {
          "p50_ms": 0.04612500197254121,
          "p95_ms": 0.17466700228396803,
          "mean_ms": 0.07701350059505785,
          "pct_of_budget": 0.011395736727492568,
          "n": 40
        },
        "assemble_ms": {
          "p50_ms": 0.008833994797896594,
          "p95_ms": 0.027166999643668532,
          "mean_ms": 0.012797874478565063,
          "pct_of_budget": 0.0018937096366527543,
          "n": 40
        },
        "generate_ms": {
          "p50_ms": 40.635584002302494,
          "p95_ms": 1818.5312499990687,
          "mean_ms": 675.6548114741236,
          "pct_of_budget": 99.97707273050301,
          "n": 40
        }
      }
    },
    {
      "threshold": 0.6,
      "cache_embedder": "sentence_transformer",
      "generator": "claude",
      "passes": 2,
      "n_requests": 40,